<?xml version="1.0"?>
<!--
  ~ /*******************************************************************************
  ~  * Copyright (c) 2016 Tops Tech Corp.
  ~  *
  ~  *
  ~  * This software is the confidential and proprietary information of
  ~  * Tops Tech Company. ("Confidential Information").  You shall not
  ~  * disclose such Confidential Information and shall use it only in
  ~  * accordance with the terms of the license agreement you entered into
  ~  * with tops001.com.
  ~  * *******************************************************************************/
  -->

<!DOCTYPE Configure PUBLIC "-//Jetty//Configure//EN" "http://www.eclipse.org/jetty/configure_9_3.dtd">

<Configure id="Server" class="org.eclipse.jetty.server.Server">

  <!-- =========================================================== -->
  <!-- Get the platform mbean server                               -->
  <!-- =========================================================== -->
  <Call id="MBeanServer" class="java.lang.management.ManagementFactory"
    name="getPlatformMBeanServer" />

  <!-- =========================================================== -->
  <!-- Initialize the Jetty MBean container -->
  <!-- =========================================================== -->
  <Call name="addBean">
    <Arg>
      <New id="MBeanContainer" class="org.eclipse.jetty.jmx.MBeanContainer">
        <Arg>
          <Ref refid="MBeanServer" />
        </Arg>
      </New>
    </Arg>
  </Call>

  <!-- Add the static log -->
  <Call name="addBean">
    <Arg>
      <New class="org.eclipse.jetty.util.log.Log" />
    </Arg>
  </Call>
</Configure>

